time,temp,pressure
1,20.01,1001
2,20.02,1002
3,20.03,1003
4,20.04,1004
5,20.05,1005
6,20.06,1006
7,20.07,1000
8,20.08,1001
9,20.09,1002
10,20.10,1003
11,20.11,1004
12,20.12,1005
13,20.13,1006
14,20.14,1000
15,20.15,1001
16,20.16,1002
17,20.17,1003
18,20.18,1004
19,20.19,1005
20,20.20,1006
21,20.21,1000
22,20.22,1001
23,20.23,1002
24,20.24,1003
25,20.25,1004
26,20.26,1005
27,20.27,1006
28,20.28,1000
29,20.29,1001
30,20.30,1002
31,20.31,1003
32,20.32,1004
33,20.33,1005
34,20.34,1006
35,20.35,1000
36,20.36,1001
37,20.37,1002
38,20.38,1003
39,20.39,1004
40,20.40,1005
41,20.41,1006
42,20.42,1000
43,20.43,1001
44,20.44,1002
45,20.45,1003
46,20.46,1004
47,20.47,1005
48,20.48,1006
49,#DIV/0!,1000
50,20.50,1001
51,20.51,1002
52,20.52,1003
53,20.53,1004
54,20.54,1005
55,20.55,1006
56,20.56,1000
57,20.57,1001
58,20.58,1002
59,xxxxxxxxxxxxxxxxxxxxxxxxxxxxxxxxxxxxxxxxxxxxxxxxxxxxxxxxxxxxxxxxxxxxxxxxxxxxxxxxxxxxxxxxxxxxxxxxxxxx,1003
60,20.60,1004
61,20.61,1005
62,20.62,1006
63,20.63,1000
64,20.64,1001
65,20.65,1002
66,20.66,1003
67,20.67,1004
68,20.68,1005
69,20.69,1006
70,20.70,1000
71,20.71,1001
72,20.72,1002
73,20.73,1003
74,20.74,1004
75,20.75,1005
76,20.76,1006
77,20.77,1000
78,20.78,1001
79,20.79,1002
80,20.80,1003
81,20.81,1004
82,20.82,1005
83,20.83,1006
84,20.84,1000
85,20.85,1001
86,20.86,1002
87,20.87,1003
88,20.88,1004
89,20.89,1005
90,20.90,1006
91,20.91,1000
92,20.92,1001
93,20.93,1002
94,20.94,1003
95,20.95,1004
96,20.96,1005
97,20.97,1006
98,20.98,1000
99,20.99,1001
100,21.00,1002
101,21.01,1003
102,21.02,1004
103,21.03,1005
104,21.04,1006
105,21.05,1000
106,21.06,1001
107,21.07,1002
108,21.08,1003
109,21.09,1004
110,21.10,1005
111,21.11,1006
112,21.12,1000
113,21.13,1001
114,21.14,1002
115,21.15,1003
116,21.16,1004
117,21.17,1005
118,21.18,1006
119,21.19,1000
120,21.20,1001
121,21.21,1002
122,21.22,1003
123,21.23,1004
124,21.24,1005
125,21.25,1006
126,21.26,1000
127,21.27,1001
128,21.28,1002
129,21.29,1003
130,21.30,1004
131,21.31,1005
132,21.32,1006
133,21.33,1000
134,21.34,1001
135,21.35,1002
136,21.36,1003
137,21.37,1004
138,21.38,1005
139,21.39,1006
140,21.40,1000
141,21.41,1001
142,21.42,1002
143,21.43,1003
144,21.44,1004
145,21.45,1005
146,21.46,1006
147,21.47,1000
148,21.48,1001
149,21.49,1002
150,21.50,1003
151,21.51,1004
152,21.52,1005
153,21.53,1006
154,21.54,1000
155,21.55,1001
156,21.56,1002
157,21.57,1003
158,21.58,1004
159,21.59,1005
160,21.60,1006
161,21.61,1000
162,21.62,1001
163,21.63,1002
164,21.64,1003
165,21.65,1004
166,21.66,1005
167,21.67,1006
168,21.68,1000
169,21.69,1001
170,21.70,1002
171,21.71,1003
172,21.72,1004
173,21.73,1005
174,21.74,1006
175,21.75,1000
176,21.76,1001
177,21.77,1002
178,21.78,1003
179,21.79,1004
180,21.80,1005
181,21.81,1006
182,21.82,1000
183,21.83,1001
184,21.84,1002
185,21.85,1003
186,21.86,1004
187,21.87,1005
188,21.88,1006
189,21.89,1000
190,21.90,1001
191,21.91,1002
192,21.92,1003
193,21.93,1004
194,21.94,1005
195,21.95,1006
196,21.96,1000
197,21.97,1001
198,21.98,1002
199,21.99,1003
200,22.00,1004
201,22.01,1005
202,22.02,1006
203,22.03,1000
204,22.04,1001
205,22.05,1002
206,22.06,1003
207,22.07,1004
208,22.08,1005
209,22.09,1006
210,22.10,1000
211,22.11,1001
212,22.12,1002
213,22.13,1003
214,22.14,1004
215,22.15,1005
216,22.16,1006
217,22.17,1000
218,22.18,1001
219,22.19,1002
220,22.20,1003
221,22.21,1004
222,22.22,1005
223,22.23,1006
224,22.24,1000
225,22.25,1001
226,22.26,1002
227,22.27,1003
228,22.28,1004
229,22.29,1005
230,22.30,1006
231,22.31,1000
232,22.32,1001
233,22.33,1002
234,22.34,1003
235,22.35,1004
236,22.36,1005
237,22.37,1006
238,22.38,1000
239,22.39,1001
240,22.40,1002
241,22.41,1003
242,22.42,1004
243,22.43,1005
244,22.44,1006
245,22.45,1000
246,22.46,1001
247,22.47,1002
248,22.48,1003
249,22.49,1004
250,22.50,1005
251,22.51,1006
252,22.52,1000
253,22.53,1001
254,22.54,1002
255,22.55,1003
256,22.56,1004
257,22.57,1005
258,22.58,1006
259,22.59,1000
260,22.60,1001
261,22.61,1002
262,22.62,1003
263,22.63,1004
264,22.64,1005
265,22.65,1006
266,22.66,1000
267,22.67,1001
268,22.68,1002
269,22.69,1003
270,22.70,1004
271,22.71,1005
272,22.72,1006
273,22.73,1000
274,22.74,1001
275,22.75,1002
276,22.76,1003
277,22.77,1004
278,22.78,1005
279,22.79,1006
280,22.80,1000
281,22.81,1001
282,22.82,1002
283,22.83,1003
284,22.84,1004
285,22.85,1005
286,22.86,1006
287,22.87,1000
288,22.88,1001
289,22.89,1002
290,22.90,1003
291,22.91,1004
292,22.92,1005
293,22.93,1006
294,22.94,1000
295,22.95,1001
296,22.96,1002
297,22.97,1003
298,22.98,1004
299,22.99,1005
300,23.00,1006
301,23.01,1000
302,23.02,1001
303,23.03,1002
304,23.04,1003
305,23.05,1004
306,23.06,1005
307,23.07,1006
308,23.08,1000
309,23.09,1001
310,23.10,1002
311,23.11,1003
312,23.12,1004
313,23.13,1005
314,23.14,1006
315,23.15,1000
316,23.16,1001
317,23.17,1002
318,23.18,1003
319,23.19,1004
320,23.20,1005
321,23.21,1006
322,23.22,1000
323,23.23,1001
324,23.24,1002
325,23.25,1003
326,23.26,1004
327,23.27,1005
328,23.28,1006
329,23.29,1000
330,23.30,1001
331,23.31,1002
332,23.32,1003
333,23.33,1004
334,23.34,1005
335,23.35,1006
336,23.36,1000
337,23.37,1001
338,23.38,1002
339,23.39,1003
340,23.40,1004
341,23.41,1005
342,23.42,1006
343,23.43,1000
344,23.44,1001
345,23.45,1002
346,23.46,1003
347,23.47,1004
348,23.48,1005
349,23.49,1006
350,23.50,1000
351,23.51,1001
352,23.52,1002
353,23.53,1003
354,23.54,1004
355,23.55,1005
356,23.56,1006
357,23.57,1000
358,23.58,1001
359,23.59,1002
360,23.60,1003
361,23.61,1004
362,23.62,1005
363,23.63,1006
364,23.64,1000
365,23.65,1001
366,23.66,1002
367,23.67,1003
368,23.68,1004
369,23.69,1005
370,23.70,1006
371,23.71,1000
372,23.72,1001
373,23.73,1002
374,23.74,1003
375,23.75,1004
376,23.76,1005
377,23.77,1006
378,23.78,1000
379,23.79,1001
380,23.80,1002
381,23.81,1003
382,23.82,1004
383,23.83,1005
384,23.84,1006
385,23.85,1000
386,23.86,1001
387,23.87,1002
388,23.88,1003
389,23.89,1004
390,23.90,1005
391,23.91,1006
392,23.92,1000
393,23.93,1001
394,23.94,1002
395,23.95,1003
396,23.96,1004
397,23.97,1005
398,23.98,1006
399,23.99,1000
400,24.00,1001
401,24.01,1002
402,24.02,1003
403,24.03,1004
404,24.04,1005
405,24.05,1006
406,24.06,1000
407,24.07,1001
408,24.08,1002
409,24.09,1003
410,24.10,1004
411,24.11,1005
412,24.12,1006
413,24.13,1000
414,24.14,1001
415,24.15,1002
416,24.16,1003
417,24.17,1004
418,24.18,1005
419,24.19,1006
420,24.20,1000
421,24.21,1001
422,24.22,1002
423,24.23,1003
424,24.24,1004
425,24.25,1005
426,24.26,1006
427,24.27,1000
428,24.28,1001
429,24.29,1002
430,24.30,1003
431,24.31,1004
432,24.32,1005
433,24.33,1006
434,24.34,1000
435,24.35,1001
436,24.36,1002
437,24.37,1003
438,24.38,1004
439,24.39,1005
440,24.40,1006
441,24.41,1000
442,24.42,1001
443,24.43,1002
444,24.44,1003
445,24.45,1004
446,24.46,1005
447,24.47,1006
448,24.48,1000
449,24.49,1001
450,24.50,1002
451,24.51,1003
452,24.52,1004
453,24.53,1005
454,24.54,1006
455,24.55,1000
456,24.56,1001
457,24.57,1002
458,24.58,1003
459,24.59,1004
460,24.60,1005
461,24.61,1006
462,24.62,1000
463,24.63,1001
464,24.64,1002
465,24.65,1003
466,24.66,1004
467,24.67,1005
468,24.68,1006
469,24.69,1000
470,24.70,1001
471,24.71,1002
472,24.72,1003
473,24.73,1004
474,24.74,1005
475,24.75,1006
476,24.76,1000
477,24.77,1001
478,24.78,1002
479,24.79,1003
480,24.80,1004
481,24.81,1005
482,24.82,1006
483,24.83,1000
484,24.84,1001
485,24.85,1002
486,24.86,1003
487,24.87,1004
488,24.88,1005
489,24.89,1006
490,24.90,1000
491,24.91,1001
492,24.92,1002
493,24.93,1003
494,24.94,1004
495,24.95,1005
496,24.96,1006
497,24.97,1000
498,24.98,1001
499,24.99,1002
500,25.00,1003
501,25.01,1004
502,25.02,1005
503,25.03,1006
504,25.04,1000
505,25.05,1001
506,25.06,1002
507,25.07,1003
508,25.08,1004
509,25.09,1005
510,25.10,1006
511,25.11,1000
512,25.12,1001
513,25.13,1002
514,25.14,1003
515,25.15,1004
516,25.16,1005
517,25.17,1006
518,25.18,1000
519,25.19,1001
520,25.20,1002
521,25.21,1003
522,25.22,1004
523,25.23,1005
524,25.24,1006
525,25.25,1000
526,25.26,1001
527,25.27,1002
528,25.28,1003
529,25.29,1004
530,25.30,1005
531,25.31,1006
532,25.32,1000
533,25.33,1001
534,25.34,1002
535,25.35,1003
536,25.36,1004
537,25.37,1005
538,25.38,1006
539,25.39,1000
540,25.40,1001
541,25.41,1002
542,25.42,1003
543,25.43,1004
544,25.44,1005
545,25.45,1006
546,25.46,1000
547,25.47,1001
548,25.48,1002
549,25.49,1003
550,25.50,1004
551,25.51,1005
552,25.52,1006
553,25.53,1000
554,25.54,1001
555,25.55,1002
556,25.56,1003
557,25.57,1004
558,25.58,1005
559,25.59,1006
560,25.60,1000
561,25.61,1001
562,25.62,1002
563,25.63,1003
564,25.64,1004
565,25.65,1005
566,25.66,1006
567,25.67,1000
568,25.68,1001
569,25.69,1002
570,25.70,1003
571,25.71,1004
572,25.72,1005
573,25.73,1006
574,25.74,1000
575,25.75,1001
576,25.76,1002
577,25.77,1003
578,25.78,1004
579,25.79,1005
580,25.80,1006
581,25.81,1000
582,25.82,1001
583,25.83,1002
584,25.84,1003
585,25.85,1004
586,25.86,1005
587,25.87,1006
588,25.88,1000
589,25.89,1001
590,25.90,1002
591,25.91,1003
592,25.92,1004
593,25.93,1005
594,25.94,1006
595,25.95,1000
596,25.96,1001
597,25.97,1002
598,25.98,1003
599,25.99,1004
600,26.00,1005
601,26.01,1006
602,26.02,1000
603,26.03,1001
604,26.04,1002
605,26.05,1003
606,26.06,1004
607,26.07,1005
608,26.08,1006
609,26.09,1000
610,26.10,1001
611,26.11,1002
612,26.12,1003
613,26.13,1004
614,26.14,1005
615,26.15,1006
616,26.16,1000
617,26.17,1001
618,26.18,1002
619,26.19,1003
620,26.20,1004
621,26.21,1005
622,26.22,1006
623,26.23,1000
624,26.24,1001
625,26.25,1002
626,26.26,1003
627,26.27,1004
628,26.28,1005
629,26.29,1006
630,26.30,1000
631,26.31,1001
632,26.32,1002
633,26.33,1003
634,26.34,1004
635,26.35,1005
636,26.36,1006
637,26.37,1000
638,26.38,1001
639,26.39,1002
640,26.40,1003
641,26.41,1004
642,26.42,1005
643,26.43,1006
644,26.44,1000
645,26.45,1001
646,26.46,1002
647,26.47,1003
648,26.48,1004
649,26.49,1005
650,26.50,1006
651,26.51,1000
652,26.52,1001
653,26.53,1002
654,26.54,1003
655,26.55,1004
656,26.56,1005
657,26.57,1006
658,26.58,1000
659,26.59,1001
660,26.60,1002
661,26.61,1003
662,26.62,1004
663,26.63,1005
664,26.64,1006
665,26.65,1000
666,26.66,1001
667,26.67,1002
668,26.68,1003
669,26.69,1004
670,26.70,1005
671,26.71,1006
672,26.72,1000
673,26.73,1001
674,26.74,1002
675,26.75,1003
676,26.76,1004
677,26.77,1005
678,26.78,1006
679,26.79,1000
680,26.80,1001
681,26.81,1002
682,26.82,1003
683,26.83,1004
684,26.84,1005
685,26.85,1006
686,26.86,1000
687,26.87,1001
688,26.88,1002
689,26.89,1003
690,26.90,1004
691,26.91,1005
692,26.92,1006
693,26.93,1000
694,26.94,1001
695,26.95,1002
696,26.96,1003
697,26.97,1004
698,26.98,1005
699,26.99,1006
700,27.00,1000
701,27.01,1001
702,27.02,1002
703,27.03,1003
704,27.04,1004
705,27.05,1005
706,27.06,1006
707,27.07,1000
708,27.08,1001
709,27.09,1002
710,27.10,1003
711,27.11,1004
712,27.12,1005
713,27.13,1006
714,27.14,1000
715,27.15,1001
716,27.16,1002
717,27.17,1003
718,27.18,1004
719,27.19,1005
720,27.20,1006
721,27.21,1000
722,27.22,1001
723,27.23,1002
724,27.24,1003
725,27.25,1004
726,27.26,1005
727,27.27,1006
728,27.28,1000
729,27.29,1001
730,27.30,1002
731,27.31,1003
732,27.32,1004
733,27.33,1005
734,27.34,1006
735,27.35,1000
736,27.36,1001
737,27.37,1002
738,27.38,1003
739,27.39,1004
740,27.40,1005
741,27.41,1006
742,27.42,1000
743,27.43,1001
744,27.44,1002
745,27.45,1003
746,27.46,1004
747,27.47,1005
748,27.48,1006
749,27.49,1000
750,27.50,1001
751,27.51,1002
752,27.52,1003
753,27.53,1004
754,27.54,1005
755,27.55,1006
756,27.56,1000
757,27.57,1001
758,27.58,1002
759,27.59,1003
760,27.60,1004
761,27.61,1005
762,27.62,1006
763,27.63,1000
764,27.64,1001
765,27.65,1002
766,27.66,1003
767,27.67,1004
768,27.68,1005
769,27.69,1006
770,27.70,1000
771,27.71,1001
772,27.72,1002
773,27.73,1003
774,27.74,1004
775,27.75,1005
776,27.76,1006
777,27.77,1000
778,27.78,1001
779,27.79,1002
780,27.80,1003
781,27.81,1004
782,27.82,1005
783,27.83,1006
784,27.84,1000
785,27.85,1001
786,27.86,1002
787,27.87,1003
788,27.88,1004
789,27.89,1005
790,27.90,1006
791,27.91,1000
792,27.92,1001
793,27.93,1002
794,27.94,1003
795,27.95,1004
796,27.96,1005
797,27.97,1006
798,27.98,1000
799,27.99,1001
800,28.00,1002
801,28.01,1003
802,28.02,1004
803,28.03,1005
804,28.04,1006
805,28.05,1000
806,28.06,1001
807,28.07,1002
808,28.08,1003
809,28.09,1004
810,28.10,1005
811,28.11,1006
812,28.12,1000
813,28.13,1001
814,28.14,1002
815,28.15,1003
816,28.16,1004
817,28.17,1005
818,28.18,1006
819,28.19,1000
820,28.20,1001
821,28.21,1002
822,28.22,1003
823,28.23,1004
824,28.24,1005
825,28.25,1006
826,28.26,1000
827,28.27,1001
828,28.28,1002
829,28.29,1003
830,28.30,1004
831,28.31,1005
832,28.32,1006
833,28.33,1000
834,28.34,1001
835,28.35,1002
836,28.36,1003
837,28.37,1004
838,28.38,1005
839,28.39,1006
840,28.40,1000
841,28.41,1001
842,28.42,1002
843,28.43,1003
844,28.44,1004
845,28.45,1005
846,28.46,1006
847,28.47,1000
848,28.48,1001
849,28.49,1002
850,28.50,1003
851,28.51,1004
852,28.52,1005
853,28.53,1006
854,28.54,1000
855,28.55,1001
856,28.56,1002
857,28.57,1003
858,28.58,1004
859,28.59,1005
860,28.60,1006
861,28.61,1000
862,28.62,1001
863,28.63,1002
864,28.64,1003
865,28.65,1004
866,28.66,1005
867,28.67,1006
868,28.68,1000
869,28.69,1001
870,28.70,1002
871,28.71,1003
872,28.72,1004
873,28.73,1005
874,28.74,1006
875,28.75,1000
876,28.76,1001
877,28.77,1002
878,28.78,1003
879,28.79,1004
880,28.80,1005
881,28.81,1006
882,28.82,1000
883,28.83,1001
884,28.84,1002
885,28.85,1003
886,28.86,1004
887,28.87,1005
888,28.88,1006
889,28.89,1000
890,28.90,1001
891,28.91,1002
892,28.92,1003
893,28.93,1004
894,28.94,1005
895,28.95,1006
896,28.96,1000
897,28.97,1001
898,28.98,1002
899,28.99,1003
900,29.00,1004
901,29.01,1005
902,29.02,1006
903,29.03,1000
904,29.04,1001
905,29.05,1002
906,29.06,1003
907,29.07,1004
908,29.08,1005
909,29.09,1006
910,29.10,1000
911,29.11,1001
912,29.12,1002
913,29.13,1003
914,29.14,1004
915,29.15,1005
916,29.16,1006
917,29.17,1000
918,29.18,1001
919,29.19,1002
920,29.20,1003
921,29.21,1004
922,29.22,1005
923,29.23,1006
924,29.24,1000
925,29.25,1001
926,29.26,1002
927,29.27,1003
928,29.28,1004
929,29.29,1005
930,29.30,1006
931,29.31,1000
932,29.32,1001
933,29.33,1002
934,29.34,1003
935,29.35,1004
936,29.36,1005
937,29.37,1006
938,29.38,1000
939,29.39,1001
940,29.40,1002
941,29.41,1003
942,29.42,1004
943,29.43,1005
944,29.44,1006
945,29.45,1000
946,29.46,1001
947,29.47,1002
948,29.48,1003
949,29.49,1004
950,29.50,1005
951,29.51,1006
952,29.52,1000
953,29.53,1001
954,29.54,1002
955,29.55,1003
956,29.56,1004
957,29.57,1005
958,29.58,1006
959,29.59,1000
960,29.60,1001
961,29.61,1002
962,29.62,1003
963,29.63,1004
964,29.64,1005
965,29.65,1006
966,29.66,1000
967,29.67,1001
968,29.68,1002
969,29.69,1003
970,29.70,1004
971,29.71,1005
972,29.72,1006
973,29.73,1000
974,29.74,1001
975,29.75,1002
976,29.76,1003
977,29.77,1004
978,29.78,1005
979,29.79,1006
980,29.80,1000
981,29.81,1001
982,29.82,1002
983,29.83,1003
984,29.84,1004
985,29.85,1005
986,29.86,1006
987,29.87,1000
988,29.88,1001
989,29.89,1002
990,29.90,1003
991,29.91,1004
992,29.92,1005
993,29.93,1006
994,29.94,1000
995,29.95,1001
996,29.96,1002
997,29.97,1003
998,29.98,1004
999,29.99,1005
1000,30.00,1006
1001,30.01,1000
1002,30.02,1001
1003,30.03,1002
1004,30.04,1003
1005,30.05,1004
1006,30.06,1005
1007,30.07,1006
1008,30.08,1000
1009,30.09,1001
1010,30.10,1002
1011,30.11,1003
1012,30.12,1004
1013,30.13,1005
1014,30.14,1006
1015,30.15,1000
1016,30.16,1001
1017,30.17,1002
1018,30.18,1003
1019,30.19,1004
1020,30.20,1005
1021,30.21,1006
1022,30.22,1000
1023,30.23,1001
1024,30.24,1002
1025,30.25,1003
1026,30.26,1004
1027,30.27,1005
1028,30.28,1006
1029,30.29,1000
1030,30.30,1001
1031,30.31,1002
1032,30.32,1003
1033,30.33,1004
1034,30.34,1005
1035,30.35,1006
1036,30.36,1000
1037,30.37,1001
1038,30.38,1002
1039,30.39,1003
1040,30.40,1004
1041,30.41,1005
1042,30.42,1006
1043,30.43,1000
1044,30.44,1001
1045,30.45,1002
1046,30.46,1003
1047,30.47,1004
1048,30.48,1005
1049,30.49,1006
1050,30.50,1000
1051,30.51,1001
1052,30.52,1002
1053,30.53,1003
1054,30.54,1004
1055,30.55,1005
1056,30.56,1006
1057,30.57,1000
1058,30.58,1001
1059,30.59,1002
1060,30.60,1003
1061,30.61,1004
1062,30.62,1005
1063,30.63,1006
1064,30.64,1000
1065,30.65,1001
1066,30.66,1002
1067,30.67,1003
1068,30.68,1004
1069,30.69,1005
1070,30.70,1006
1071,30.71,1000
1072,30.72,1001
1073,30.73,1002
1074,30.74,1003
1075,30.75,1004
1076,30.76,1005
1077,30.77,1006
1078,30.78,1000
1079,30.79,1001
1080,30.80,1002
1081,30.81,1003
1082,30.82,1004
1083,30.83,1005
1084,30.84,1006
1085,30.85,1000
1086,30.86,1001
1087,30.87,1002
1088,30.88,1003
1089,30.89,1004
1090,30.90,1005
1091,30.91,1006
1092,30.92,1000
1093,30.93,1001
1094,30.94,1002
1095,30.95,1003
1096,30.96,1004
1097,30.97,1005
1098,30.98,1006
1099,30.99,1000
1100,31.00,1001
1101,31.01,1002
1102,31.02,1003
1103,31.03,1004
1104,31.04,1005
1105,31.05,1006
1106,31.06,1000
1107,31.07,1001
1108,31.08,1002
1109,31.09,1003
1110,31.10,1004
1111,31.11,1005
1112,31.12,1006
1113,31.13,1000
1114,31.14,1001
1115,31.15,1002
1116,31.16,1003
1117,31.17,1004
1118,31.18,1005
1119,31.19,1006
1120,31.20,1000
1121,31.21,1001
1122,31.22,1002
1123,31.23,1003
1124,31.24,1004
1125,31.25,1005
1126,31.26,1006
1127,31.27,1000
1128,31.28,1001
1129,31.29,1002
1130,31.30,1003
1131,31.31,1004
1132,31.32,1005
1133,31.33,1006
1134,31.34,1000
1135,31.35,1001
1136,31.36,1002
1137,31.37,1003
1138,31.38,1004
1139,31.39,1005
1140,31.40,1006
1141,31.41,1000
1142,31.42,1001
1143,31.43,1002
1144,31.44,1003
1145,31.45,1004
1146,31.46,1005
1147,31.47,1006
1148,31.48,1000
1149,31.49,1001
1150,31.50,1002
1151,31.51,1003
1152,31.52,1004
1153,31.53,1005
1154,31.54,1006
1155,31.55,1000
1156,31.56,1001
1157,31.57,1002
1158,31.58,1003
1159,31.59,1004
1160,31.60,1005
1161,31.61,1006
1162,31.62,1000
1163,31.63,1001
1164,31.64,1002
1165,31.65,1003
1166,31.66,1004
1167,31.67,1005
1168,31.68,1006
1169,31.69,1000
1170,31.70,1001
1171,31.71,1002
1172,31.72,1003
1173,31.73,1004
1174,31.74,1005
1175,31.75,1006
1176,31.76,1000
1177,31.77,1001
1178,31.78,1002
1179,31.79,1003
1180,31.80,1004
1181,31.81,1005
1182,31.82,1006
1183,31.83,1000
1184,31.84,1001
1185,31.85,1002
1186,31.86,1003
1187,31.87,1004
1188,31.88,1005
1189,31.89,1006
1190,31.90,1000
1191,31.91,1001
1192,31.92,1002
1193,31.93,1003
1194,31.94,1004
1195,31.95,1005
1196,31.96,1006
1197,31.97,1000
1198,31.98,1001
1199,31.99,1002
1200,32.00,1003
1201,32.01,1004
1202,32.02,1005
1203,abc,1006
1204,32.04,1000
1205,32.05,1001
1206,32.06,1002
1207,32.07,1003
1208,32.08,1004
1209,32.09,1005
1210,32.10,1006
1211,32.11,1000
1212,32.12,1001
1213,32.13,1002
1214,32.14,1003
1215,32.15,1004
1216,32.16,1005
1217,32.17,1006
1218,32.18,1000
1219,32.19,1001
1220,32.20,1002
1221,32.21,1003
1222,32.22,1004
1223,32.23,1005
1224,32.24,1006
1225,32.25,1000
1226,32.26,1001
1227,32.27,1002
1228,32.28,1003
1229,32.29,1004
1230,32.30,1005
1231,32.31,1006
1232,32.32,1000
1233,32.33,1001
1234,32.34,1002
1235,32.35,1003
1236,32.36,1004
1237,32.37,1005
1238,32.38,1006
1239,32.39,1000
1240,32.40,1001
1241,32.41,1002
1242,32.42,1003
1243,32.43,1004
1244,32.44,1005
1245,32.45,1006
1246,32.46,1000
1247,32.47,1001
1248,32.48,1002
1249,32.49,1003
1250,32.50,1004
1251,32.51,1005
1252,32.52,1006
1253,32.53,1000
1254,32.54,1001
1255,32.55,1002
1256,32.56,1003
1257,32.57,1004
1258,32.58,1005
1259,32.59,1006
1260,32.60,1000
1261,32.61,1001
1262,32.62,1002
1263,32.63,1003
1264,32.64,1004
1265,32.65,1005
1266,32.66,1006
1267,32.67,1000
1268,32.68,1001
1269,32.69,1002
1270,32.70,1003
1271,32.71,1004
1272,32.72,1005
1273,32.73,1006
1274,32.74,1000
1275,32.75,1001
1276,32.76,1002
1277,32.77,1003
1278,32.78,1004
1279,32.79,1005
1280,32.80,1006
1281,32.81,1000
1282,32.82,1001
1283,32.83,1002
1284,32.84,1003
1285,32.85,1004
1286,32.86,1005
1287,32.87,1006
1288,32.88,1000
1289,32.89,1001
1290,32.90,1002
1291,32.91,1003
1292,32.92,1004
1293,32.93,1005
1294,32.94,1006
1295,32.95,1000
1296,32.96,1001
1297,32.97,1002
1298,32.98,1003
1299,32.99,1004
