2026-01-01T12:00:00,1.5
2026-01-02T12:00:00,3.0
2026-01-03T12:00:00,4.5
2026-01-04T12:00:00,6.0
2026-01-05T12:00:00,7.5
2026-01-06T12:00:00,9.0
2026-01-07T12:00:00,10.5
2026-01-08T12:00:00,12.0
2026-01-09T12:00:00,13.5
2026-01-10T12:00:00,15.0
2026-01-11T12:00:00,16.5
2026-01-12T12:00:00,18.0
2026-01-13T12:00:00,19.5
2026-01-14T12:00:00,21.0
2026-01-15T12:00:00,22.5
2026-01-16T12:00:00,24.0
2026-01-17T12:00:00,25.5
2026-01-18T12:00:00,27.0
2026-01-19T12:00:00,28.5
2026-01-20T12:00:00,30.0
2026-01-21T12:00:00,31.5
2026-01-22T12:00:00,33.0
2026-01-23T12:00:00,34.5
2026-01-24T12:00:00,36.0
2026-01-25T12:00:00,37.5
2026-01-26T12:00:00,39.0
2026-01-27T12:00:00,40.5
2026-01-28T12:00:00,42.0
