time,temp,pressure,humidity,site
2026-09-27T00:00:00.000,20.000,1015.00,53.41,south
2026-09-27T00:01:00.125,20.250,1015.00,53.52,north
2026-09-27T00:02:00.250,20.499,1015.00,53.62,south
2026-09-27T00:03:00.375,20.747,1014.99,53.72,north
2026-09-27T00:04:00.500,20.993,1014.99,53.82,south
2026-09-27T00:05:00.625,21.237,1014.98,53.91,north
2026-09-27T00:06:00.750,21.478,1014.97,54.00,south
2026-09-27T00:07:00.875,21.714,1014.96,54.09,north
2026-09-27T00:08:00.000,21.947,1014.95,54.17,south
2026-09-27T00:09:00.125,22.175,1014.93,54.25,north
2026-09-27T00:10:00.250,22.397,1014.92,54.32,south
2026-09-27T00:11:00.375,22.613,1014.90,54.39,north
2026-09-27T00:12:00.500,22.823,1014.88,54.46,south
2026-09-27T00:13:00.625,23.026,1014.86,54.52,north
2026-09-27T00:14:00.750,23.221,1014.84,54.58,south
2026-09-27T00:15:00.875,23.408,1014.82,54.64,north
2026-09-27T00:16:00.000,23.587,1014.79,54.69,south
2026-09-27T00:17:00.125,NA,1014.77,54.73,north
2026-09-27T00:18:00.250,23.917,1014.74,54.78,south
2026-09-27T00:19:00.375,24.067,1014.71,54.82,north
2026-09-27T00:20:00.500,24.207,1014.68,54.85,south
2026-09-27T00:21:00.625,24.337,1014.65,54.89,north
2026-09-27T00:22:00.750,24.456,1014.62,54.91,south
2026-09-27T00:23:00.875,24.564,1014.58,54.94,north
2026-09-27T00:24:00.000,24.660,1014.55,54.96,south
2026-09-27T00:25:00.125,24.745,1014.51,54.97,north
2026-09-27T00:26:00.250,24.818,1014.47,54.99,south
2026-09-27T00:27:00.375,24.879,1014.43,55.00,north
2026-09-27T00:28:00.500,24.927,1014.39,55.00,south
2026-09-27T00:29:00.625,24.964,1014.35,55.00,north
2026-09-27T00:30:00.750,24.987,1014.31,55.00,south
2026-09-27T00:31:00.875,24.999,1014.27,54.99,north
2026-09-27T00:32:00.000,24.998,1014.22,54.98,south
2026-09-27T00:33:00.125,24.984,1014.17,54.96,north
2026-09-27T00:34:00.250,24.958,1014.13,54.94,south
2026-09-27T00:35:00.375,24.920,1014.08,54.92,north
2026-09-27T00:36:00.500,24.869,1014.03,54.89,south
2026-09-27T00:37:00.625,24.806,1013.98,54.86,north
2026-09-27T00:38:00.750,24.732,1013.93,54.82,south
2026-09-27T00:39:00.875,24.645,1013.88,54.78,north
2026-09-27T00:40:00.000,24.546,1013.83,54.74,south
2026-09-27T00:41:00.125,24.437,1013.78,54.69,north
2026-09-27T00:42:00.250,24.316,1013.72,54.64,south
2026-09-27T00:43:00.375,24.184,1013.67,54.58,north
2026-09-27T00:44:00.500,24.042,1013.62,54.53,south
2026-09-27T00:45:00.625,23.890,1013.56,54.46,north
2026-09-27T00:46:00.750,23.729,1013.51,54.40,south
2026-09-27T00:47:00.875,23.557,1013.45,54.33,north
2026-09-27T00:48:00.000,23.377,1013.40,54.25,south
2026-09-27T00:49:00.125,23.189,1013.34,54.17,north
2026-09-27T00:50:00.250,22.992,1013.28,54.09,south
2026-09-27T00:51:00.375,22.788,1013.23,54.01,north
2026-09-27T00:52:00.500,22.578,1013.17,53.92,south
2026-09-27T00:53:00.625,22.360,1013.11,53.83,north
2026-09-27T00:54:00.750,22.137,1013.06,53.73,south
2026-09-27T00:55:00.875,21.908,1013.00,53.63,north
2026-09-27T00:56:00.000,21.675,1012.94,53.53,south
2026-09-27T00:57:00.125,21.437,1012.88,53.42,north
2026-09-27T00:58:00.250,21.196,1012.83,53.31,south
2026-09-27T00:59:00.375,20.952,1012.77,53.20,north
2026-09-27T01:00:00.500,20.706,1012.71,53.08,south
2026-09-27T01:01:00.625,20.457,1012.66,52.97,north
2026-09-27T01:02:00.750,20.208,1012.60,52.84,south
2026-09-27T01:03:00.875,19.958,1012.55,52.72,north
2026-09-27T01:04:00.000,19.708,1012.49,52.59,south
2026-09-27T01:05:00.125,19.459,1012.44,52.46,north
2026-09-27T01:06:00.250,19.211,1012.38,52.32,south
2026-09-27T01:07:00.375,18.965,1012.33,52.18,north
2026-09-27T01:08:00.500,18.722,1012.27,52.04,south
2026-09-27T01:09:00.625,18.482,1012.22,51.90,north
2026-09-27T01:10:00.750,18.246,1012.17,51.75,south
2026-09-27T01:11:00.875,18.014,1012.12,51.61,north
2026-09-27T01:12:00.000,17.787,1012.07,51.45,south
2026-09-27T01:13:00.125,17.566,1012.02,51.30,north
2026-09-27T01:14:00.250,17.351,1011.97,51.14,south
2026-09-27T01:15:00.375,17.142,1011.92,50.98,north
2026-09-27T01:16:00.500,16.941,1011.87,50.82,south
2026-09-27T01:17:00.625,16.747,1011.82,50.66,north
2026-09-27T01:18:00.750,16.561,1011.78,50.49,south
2026-09-27T01:19:00.875,16.384,1011.73,50.33,north
2026-09-27T01:20:00.000,16.216,1011.69,50.16,south
2026-09-27T01:21:00.125,16.057,1011.65,49.98,north
2026-09-27T01:22:00.250,15.909,1011.60,49.81,south
2026-09-27T01:23:00.375,15.770,1011.56,49.63,north
2026-09-27T01:24:00.500,15.642,1011.53,49.45,south
2026-09-27T01:25:00.625,15.525,1011.49,49.27,north
2026-09-27T01:26:00.750,15.419,1011.45,49.09,south
2026-09-27T01:27:00.875,15.325,1011.41,48.91,north
2026-09-27T01:28:00.000,15.242,1011.38,48.72,south
2026-09-27T01:29:00.125,15.171,1011.35,48.54,north
2026-09-27T01:30:00.250,15.112,1011.32,48.35,south
2026-09-27T01:31:00.375,15.066,1011.29,48.16,north
2026-09-27T01:32:00.500,15.032,1011.26,47.97,south
2026-09-27T01:33:00.625,15.010,1011.23,47.78,north
2026-09-27T01:34:00.750,15.000,1011.20,47.59,south
2026-09-27T01:35:00.875,15.004,1011.18,47.39,north
2026-09-27T01:36:00.000,15.019,1011.16,47.20,south
2026-09-27T01:37:00.125,15.047,1011.14,47.00,north
2026-09-27T01:38:00.250,15.088,1011.12,46.81,south
2026-09-27T01:39:00.375,15.140,1011.10,46.61,north
2026-09-27T01:40:00.500,15.205,1011.08,46.41,south
2026-09-27T01:41:00.625,15.282,1011.07,46.21,north
2026-09-27T01:42:00.750,15.371,1011.05,46.01,south
2026-09-27T01:43:00.875,15.471,1011.04,45.82,north
2026-09-27T01:44:00.000,15.583,1011.03,45.62,south
2026-09-27T01:45:00.125,15.705,1011.02,45.42,north
2026-09-27T01:46:00.250,15.839,1011.01,45.22,south
2026-09-27T01:47:00.375,15.982,1011.01,45.02,north
2026-09-27T01:48:00.500,16.136,1011.00,44.82,south
2026-09-27T01:49:00.625,16.300,1011.00,44.62,north
2026-09-27T01:50:00.750,16.472,1011.00,44.42,south
2026-09-27T01:51:00.875,16.654,1011.00,44.22,north
2026-09-27T01:52:00.000,16.844,1011.00,44.02,south
2026-09-27T01:53:00.125,17.041,1011.01,43.82,north
2026-09-27T01:54:00.250,17.247,1011.01,43.62,south
2026-09-27T01:55:00.375,17.459,1011.02,43.42,north
2026-09-27T01:56:00.500,17.677,1011.03,43.23,south
2026-09-27T01:57:00.625,17.901,1011.04,43.03,north
2026-09-27T01:58:00.750,18.131,1011.05,42.83,south
2026-09-27T01:59:00.875,18.365,1011.07,42.64,north
2026-09-27T02:00:00.000,NA,1011.08,42.44,south
2026-09-27T02:01:00.125,18.845,1011.10,42.25,north
2026-09-27T02:02:00.250,19.089,1011.12,42.06,south
2026-09-27T02:03:00.375,19.336,1011.14,41.87,north
2026-09-27T02:04:00.500,19.585,1011.16,41.68,south
2026-09-27T02:05:00.625,19.834,1011.18,41.49,north
2026-09-27T02:06:00.750,20.084,1011.21,41.31,south
2026-09-27T02:07:00.875,20.334,1011.23,41.12,north
2026-09-27T02:08:00.000,20.583,1011.26,40.94,south
2026-09-27T02:09:00.125,20.830,1011.29,40.76,north
2026-09-27T02:10:00.250,21.076,1011.32,40.57,south
2026-09-27T02:11:00.375,21.318,1011.35,40.40,north
2026-09-27T02:12:00.500,21.558,1011.38,40.22,south
2026-09-27T02:13:00.625,21.793,1011.42,40.05,north
2026-09-27T02:14:00.750,22.024,1011.45,39.87,south
2026-09-27T02:15:00.875,22.250,1011.49,39.70,north
2026-09-27T02:16:00.000,22.471,1011.53,39.53,south
2026-09-27T02:17:00.125,22.685,1011.57,39.37,north
2026-09-27T02:18:00.250,22.892,1011.61,39.20,south
2026-09-27T02:19:00.375,23.092,1011.65,39.04,north
2026-09-27T02:20:00.500,23.285,1011.69,38.88,south
2026-09-27T02:21:00.625,23.469,1011.74,38.72,north
2026-09-27T02:22:00.750,23.645,1011.78,38.57,south
2026-09-27T02:23:00.875,23.811,1011.83,38.42,north
2026-09-27T02:24:00.000,23.968,1011.87,38.27,south
2026-09-27T02:25:00.125,24.115,1011.92,38.12,north
2026-09-27T02:26:00.250,24.252,1011.97,37.98,south
2026-09-27T02:27:00.375,24.378,1012.02,37.84,north
2026-09-27T02:28:00.500,24.494,1012.07,37.70,south
2026-09-27T02:29:00.625,24.598,1012.12,37.56,north
2026-09-27T02:30:00.750,24.690,1012.17,37.43,south
2026-09-27T02:31:00.875,24.771,1012.22,37.30,north
2026-09-27T02:32:00.000,24.840,1012.28,37.18,south
2026-09-27T02:33:00.125,24.896,1012.33,37.05,north
2026-09-27T02:34:00.250,24.941,1012.39,36.93,south
2026-09-27T02:35:00.375,24.973,1012.44,36.82,north
2026-09-27T02:36:00.500,24.993,1012.50,36.70,south
2026-09-27T02:37:00.625,25.000,1012.55,36.59,north
2026-09-27T02:38:00.750,24.995,1012.61,36.49,south
2026-09-27T02:39:00.875,24.977,1012.66,36.38,north
2026-09-27T02:40:00.000,24.947,1012.72,36.28,south
2026-09-27T02:41:00.125,24.904,1012.78,36.19,north
2026-09-27T02:42:00.250,24.849,1012.83,36.10,south
2026-09-27T02:43:00.375,24.783,1012.89,36.01,north
2026-09-27T02:44:00.500,24.704,1012.95,35.92,south
2026-09-27T02:45:00.625,24.613,1013.00,35.84,north
2026-09-27T02:46:00.750,24.511,1013.06,35.76,south
2026-09-27T02:47:00.875,24.397,1013.12,35.69,north
2026-09-27T02:48:00.000,24.273,1013.17,35.61,south
2026-09-27T02:49:00.125,24.138,1013.23,35.55,north
2026-09-27T02:50:00.250,23.992,1013.29,35.48,south
2026-09-27T02:51:00.375,23.837,1013.34,35.42,north
2026-09-27T02:52:00.500,23.672,1013.40,35.37,south
2026-09-27T02:53:00.625,23.498,1013.46,35.32,north
2026-09-27T02:54:00.750,23.315,1013.51,35.27,south
2026-09-27T02:55:00.875,23.124,1013.57,35.22,north
2026-09-27T02:56:00.000,22.925,1013.62,35.18,south
2026-09-27T02:57:00.125,22.718,1013.68,35.15,north
2026-09-27T02:58:00.250,22.505,1013.73,35.12,south
2026-09-27T02:59:00.375,22.286,1013.78,35.09,north
2026-09-27T03:00:00.500,22.061,1013.83,35.06,south
2026-09-27T03:01:00.625,21.830,1013.89,35.04,north
2026-09-27T03:02:00.750,21.595,1013.94,35.03,south
2026-09-27T03:03:00.875,21.357,1013.99,35.01,north
2026-09-27T03:04:00.000,21.114,1014.04,35.01,south
2026-09-27T03:05:00.125,20.869,1014.08,35.00,north
2026-09-27T03:06:00.250,20.622,1014.13,35.00,south
2026-09-27T03:07:00.375,20.374,1014.18,35.00,north
2026-09-27T03:08:00.500,20.124,1014.22,35.01,south
2026-09-27T03:09:00.625,19.874,1014.27,35.02,north
2026-09-27T03:10:00.750,19.624,1014.31,35.04,south
2026-09-27T03:11:00.875,19.376,1014.36,35.06,north
2026-09-27T03:12:00.000,19.128,1014.40,35.08,south
2026-09-27T03:13:00.125,18.883,1014.44,35.11,north
2026-09-27T03:14:00.250,18.641,1014.48,35.14,south
2026-09-27T03:15:00.375,18.402,1014.51,35.18,north
2026-09-27T03:16:00.500,18.168,1014.55,35.21,south
2026-09-27T03:17:00.625,17.937,1014.59,35.26,north
2026-09-27T03:18:00.750,17.712,1014.62,35.30,south
2026-09-27T03:19:00.875,17.493,1014.65,35.36,north
2026-09-27T03:20:00.000,17.280,1014.68,,south
2026-09-27T03:21:00.125,17.074,1014.72,35.47,north
2026-09-27T03:22:00.250,16.875,1014.74,35.53,south
2026-09-27T03:23:00.375,16.683,1014.77,35.60,north
2026-09-27T03:24:00.500,16.501,1014.80,35.67,south
2026-09-27T03:25:00.625,16.327,1014.82,35.74,north
2026-09-27T03:26:00.750,16.162,1014.84,35.82,south
2026-09-27T03:27:00.875,16.006,1014.87,35.90,north
2026-09-27T03:28:00.000,15.861,1014.89,35.99,south
2026-09-27T03:29:00.125,15.726,1014.90,36.07,north
2026-09-27T03:30:00.250,15.602,1014.92,36.17,south
2026-09-27T03:31:00.375,15.488,1014.94,36.26,north
2026-09-27T03:32:00.500,15.386,1014.95,36.36,south
2026-09-27T03:33:00.625,15.296,1014.96,36.46,north
2026-09-27T03:34:00.750,15.217,1014.97,36.57,south
2026-09-27T03:35:00.875,15.150,1014.98,36.68,north
2026-09-27T03:36:00.000,15.095,1014.99,36.79,south
2026-09-27T03:37:00.125,15.053,1014.99,36.91,north
2026-09-27T03:38:00.250,15.023,1015.00,37.02,south
2026-09-27T03:39:00.375,15.005,1015.00,37.15,north
2026-09-27T03:40:00.500,15.000,1015.00,37.27,south
2026-09-27T03:41:00.625,15.007,1015.00,37.40,north
2026-09-27T03:42:00.750,15.027,1015.00,37.53,south
2026-09-27T03:43:00.875,15.059,1014.99,37.67,north
2026-09-27T03:44:00.000,15.104,1014.99,37.80,south
2026-09-27T03:45:00.125,15.161,1014.98,37.94,north
2026-09-27T03:46:00.250,15.230,1014.97,38.09,south
2026-09-27T03:47:00.375,15.311,1014.96,38.23,north
2026-09-27T03:48:00.500,15.403,1014.95,38.38,south
2026-09-27T03:49:00.625,15.507,1014.93,38.53,north
2026-09-27T03:50:00.750,15.623,1014.92,38.69,south
2026-09-27T03:51:00.875,15.749,1014.90,38.84,north
2026-09-27T03:52:00.000,15.886,1014.88,39.00,south
2026-09-27T03:53:00.125,16.033,1014.86,39.16,north
2026-09-27T03:54:00.250,16.190,1014.84,39.33,south
2026-09-27T03:55:00.375,16.357,1014.82,39.49,north
2026-09-27T03:56:00.500,16.532,1014.79,39.66,south
2026-09-27T03:57:00.625,16.717,1014.77,39.83,north
2026-09-27T03:58:00.750,16.909,1014.74,40.00,south
2026-09-27T03:59:00.875,17.110,1014.71,40.18,north
